reward 1,reward 4,reward 3,reward 8,reward 0,reward 5,reward 6,StepNum,reward 7,reward 2,reward 9
1487.5918858341288,1436.306992299962,1445.3265091688395,1346.4690810463637,1494.9730345457403,1409.1991630602922,1406.6869580751477,1000,1369.714033336146,1483.5253463658655,1329.673735597266
1574.725816837486,1494.9730345457403,1513.7996684465222,1467.6903043447276,1596.650039200703,1493.5651157819577,1487.5918858341288,2000,1483.5253463658655,1574.424658838174,1464.0661170294006
1588.9664861250772,1574.424658838174,1574.725816837486,1513.7996684465222,1596.650039200703,1560.693230566316,1545.253517015406,3000,1519.5053633747216,1580.9935514667704,1494.9730345457403
