reward 27,reward 2,StepNum,reward 1,reward 11,reward 14,reward 10,reward 12,reward 6,reward 23,reward 13,reward 9,reward 29,reward 21,reward 26,reward 3,reward 7,reward 28,reward 0,reward 16,reward 4,reward 24,reward 18,reward 15,reward 25,reward 20,reward 19,reward 22,reward 17,reward 8,reward 5
0,-99710.08017989177,1000,-99572.3303783441,0,0,0,0,-99808.63886577105,0,0,-99864.4603774193,0,0,0,-99735.4701948735,-99816.94624446382,0,173.3346699715862,0,-99751.2989225079,0,0,0,0,0,0,0,0,-99855.65871713954,-99801.36551493469
0,173.3346699715862,2000,174.86710918691517,-99744.30053951441,-99801.36551493469,-99738.53168716004,-99751.2989225079,-99725.1109531461,0,-99796.25274682973,-99735.4701948735,0,0,0,-99572.3303783441,-99727.86085485244,0,180.70396138142962,-99816.94624446382,-99710.08017989177,0,-99855.65871713954,-99808.63886577105,0,-99865.98918434355,-99864.4603774193,0,-99820.52592629443,-99730.05986112171,-99721.77865594265
-99829.04341853314,174.86710918691517,3000,180.70396138142962,-99730.05986112171,-99743.73792461603,-99727.86085485244,-99735.4701948735,-99572.3303783441,-99812.40067612015,-99738.53168716004,-99725.1109531461,-99855.65871713954,-99808.63886577105,-99820.52592629443,173.3346699715862,-99710.08017989177,-99835.66416960949,215.71822908450292,-99751.2989225079,169.41151000525235,-99816.94624446382,-99755.41069370396,-99744.30053951441,-99818.6836986373,-99801.36551493469,-99796.25274682973,-99808.80929909504,-99753.79315859822,-99721.77865594265,-99552.86948689353
-99801.36551493469,180.70396138142962,4000,213.18694402329834,-99725.1109531461,-99735.4701948735,-99721.77865594265,-99727.86085485244,-99552.86948689353,-99783.28326180077,-99730.05986112171,-99710.08017989177,-99803.62841445157,-99774.85281943418,-99796.25274682973,174.86710918691517,-99572.3303783441,-99802.1701834849,215.71822908450292,-99743.73792461603,173.3346699715862,-99785.55319080847,-99751.2989225079,-99738.53168716004,-99788.28662807598,-99755.41069370396,-99753.79315859822,-99776.44503325965,-99744.30053951441,-99702.87570521173,169.41151000525235
