reward 4,reward 22,reward 21,reward 26,reward 8,reward 28,StepNum,reward 13,reward 25,reward 7,reward 3,reward 27,reward 9,reward 18,reward 1,reward 11,reward 20,reward 0,reward 14,reward 2,reward 15,reward 10,reward 12,reward 24,reward 29,reward 19,reward 5,reward 16,reward 23,reward 17,reward 6
-99782.30290612146,0,0,0,-99856.9439197625,0,1000,0,0,-99826.65668651678,-99750.33587824089,0,-99867.72293823569,0,-99439.8328457918,0,0,178.523800066867,0,-99704.02973632718,0,0,0,0,0,0,-99787.52002237657,0,0,0,-99821.00329174535
-99714.77891416456,0,0,0,-99782.30290612146,0,2000,-99820.22158043667,0,-99762.6575832443,-99706.62881295983,0,-99785.07333356395,-99867.72293823569,-99439.8328457918,-99787.59981846185,0,178.523800066867,-99821.00329174535,-99704.02973632718,-99826.65668651678,-99787.52002237657,-99787.70831067795,0,0,-99871.56449419253,-99746.13269609484,-99842.55833113706,0,-99856.9439197625,-99750.33587824089
-99700.47832533355,-99807.57817753803,-99806.61186377253,-99829.02126783102,-99746.13269609484,-99856.9439197625,3000,-99772.78389232318,-99826.65668651678,-99714.77891416456,-99682.51811865313,-99842.55833113706,-99750.25505755788,-99787.59981846185,163.5877934348276,-99762.6575832443,-99806.3403425324,178.523800066867,-99780.88098748271,-99439.8328457918,-99782.30290612146,-99750.33587824089,-99764.23488485391,-99821.00329174535,-99867.72293823569,-99787.70831067795,-99704.02973632718,-99785.07333356395,-99820.22158043667,-99787.52002237657,-99706.62881295983
